,CATEGORY,PRICE_ID,TAG,NAME,CALORIE,WATER,PROTAIN,LIPID,CARBOHYDRATE,
,1,,,アマランサス 玄穀　,358,13.5,12.7,6,57.5,
,2,,,あわ 粟,367,13.3,11.2,4.4,66.4,
,2,,,あわもち 粟餅,214,48,5.1,1.3,43.8,
,3,,,えんばく 燕麦 オートミール,380,10,13.7,5.7,59.7,
,4,,,おおむぎ 七分つき押麦　,341,14,10.9,2.1,61.8,
,4,,,おおむぎ 押麦　,340,14,6.2,1.3,68.2,
,4,,,おおむぎ 米粒麦　,343,14,7,2.1,67.5,
,4,,,おおむぎめん 大麦麺,122,70,4.8,0.6,21.8,
,4,,,おおむぎ 麦こがし　,391,3.5,12.5,5,61.6,
,5,,,きび キビ 黍 稷,363,13.8,11.3,3.3,69.3,
,6,71,,こむぎ 小麦 国産,337,12.5,10.6,3.1,61.4,
,6,71,,こむぎ 小麦 輸入,348,10,10.1,3.3,64,
,6,71,,薄力粉,368,14,9.3,1.9,71.7,
,6,71,,中力粉,368,14,9.7,1.8,71.9,
,6,71,,強力粉,328,14.5,12.8,2.9,57,
,6,71,,プレミックス粉,351,12.4,8.8,1.3,73.6,
,7,63,パン類,食パン,264,38,9.3,4.4,44.4,
,7,,パン類,コッペパン,265,37,8.5,3.8,47.1,
,7,,パン類,乾パン,393,5.5,9.5,4.4,75.7,
,7,,パン類,フランスパン,279,30,9.4,1.3,54.8,
,7,,パン類,ライ麦パン,264,35,8.4,2.2,47.1,
,7,,パン類,ぶどうパン,269,35.7,8.2,3.5,48.9,
,7,,パン類,ロールパン,316,30.7,10.1,9,46.6,
,7,,パン類,クロワッサン,448,20,7.9,26.8,42.1,
,7,,パン類,イングリッシュマフィン,228,46,8.1,3.6,39.6,
,7,,パン類,ナン,262,37.2,10.3,3.4,45.6,
,7,,パン類,ベーグル,275,32.3,9.6,2,52.1,
,8,66,めん類,うどん,105,75,2.6,0.4,20.8,
,8,66,めん類,干しうどん,126,70,3.1,0.5,25.1,
,8,67,めん類,そうめん・ひやむぎ,127,70,3.5,0.4,24.9,
,8,70,めん類,中華麺,149,65,4.9,0.6,27.9,
,8,70,めん類,蒸し中華麺,198,54,5.3,1.7,36.5,
,8,70,めん類,干し中華麺,140,67,4.1,0.5,26.6,
,8,,めん類,沖縄そば,147,65.5,5.2,0.8,26.5,
,8,,めん類,干し沖縄そば,148,65,5.2,0.6,27.1,
,8,68,めん類,マカロニ・スパゲッティ,165,60.5,5.4,0.9,30.3,
,8,68,めん類,生パスタ,247,42,7.8,1.9,45.4,
,9,,,ふ　麩,385,11.3,28.5,2.7,53.2,
,9,,,小麦胚芽,426,3.6,32,11.6,34,
,9,,,小麦タンパク,437,6.5,72,9.7,8.2,
,9,,,餃子の皮　ぎょうざの皮,291,32,9.3,1.4,54.8,
,9,,,しゅうまいの皮　シュウマイの皮,295,31.1,8.3,1.4,56.7,
,9,,,ピザ生地,268,35.3,9.1,3,48.8,
,9,81,,ちくわぶ,171,60.4,7.1,1.2,29.6,
,9,,,パン粉,373,13.5,14.6,6.8,59.4,
,9,,めん類,冷麺,252,36.4,3.9,0.7,56.5,
,10,,ごはん類,玄米,165,60,2.8,1,34.2,
,10,,ごはん類,半つき米,167,60,2.7,0.6,35.6,
,10,,ごはん類,七分つき米,168,60,2.6,0.5,36.2,
,10,61,ごはん類,うるち米,168,60,2.5,0.3,36.8,
,10,62,ごはん類,もち米,202,52.1,3.5,0.5,43.5,
,10,,ごはん類,胚芽精米,167,60,2.7,0.6,35.6,
,10,,ごはん類,発芽玄米,167,60,3,1.4,33.2,
,10,,ごはん類,アルファ化米,388,7.9,6,1,83.6,
,10,159,ごはん類,おにぎり,179,57,2.7,0.3,39,
,10,159,ごはん類,焼きおにぎり,181,56,3.1,0.3,39.1,
,10,,ごはん類,きりたんぽ,210,50,3.2,0.4,45.8,
,10,,,上新粉,362,14,6.2,0.9,77.9,
,10,,,玄米粉,395,4.6,7.1,2.9,80.6,
,10,,,米粉,374,11.1,6,0.7,81.3,
,10,,パン類,米粉パン,255,41.2,3.4,3.1,50.4,
,10,,めん類,米粉麺,265,37,3.6,0.7,57.5,
,10,,めん類,ビーフン,377,11.1,7,1.6,79,
,10,,,米麹,286,33,5.8,1.7,57.8,
,10,72,ごはん類,もち,234,44.5,4,0.6,50.3,
,10,,ごはん類,赤飯,190,53,4.3,0.6,40.3,
,10,,,あくまき,132,69.5,2.3,1.8,25.5,
,10,,,白玉粉,369,12.5,6.3,1,79.5,
,10,,,道明寺粉,372,11.6,7.1,0.7,79.7,
,10,,,米ぬか 米糠,412,10.3,13.4,19.6,28.3,
,11,,,そば粉,359,14,6,1.6,75.8,
,11,,ごはん類,そば米,364,12.8,9.6,2.5,70,
,11,,めん類,そば,132,68,4.8,1,24,
,11,,めん類,干しそば,114,72,4.8,0.7,20.6,
,12,,野菜類,とうもろこし,350,14.5,8.6,5,61.6,
,12,,,コーンミール,363,14,8.3,4,64.4,
,12,,,コーングリッツ,355,14,8.2,1,74,
,12,,,コーンフラワー,363,14,6.6,2.8,74.4,
,12,,野菜類,ジャイアントコーン,435,4.3,5.7,11.8,66.1,
,12,,,ポップコーン,484,4,10.2,22.8,50.3,
,12,,,コーンフレーク,381,4.5,7.8,1.7,81.2,
,13,,,はとむぎ,360,13,13.3,1.3,71.6,
,14,,,ひえ,366,12.9,9.4,3.3,68.9,
,15,,野菜類,もろこし,364,12.5,9.5,2.6,69.7,
,16,,,ライ麦,351,13.5,8.5,1.6,62.9,
,17,,野菜類,きくいも　菊芋,28,85.4,1.6,0.5,9.2,
,17,,,こんにゃく粉,177,6,3,0.1,5.4,
,17,112,野菜類,精粉こんにゃく,5,97.3,0.1,0,0.1,
,17,112,野菜類,生いもこんにゃく,7,96.2,0.1,0.1,0.3,
,17,112,野菜類,赤こんにゃく,5,97.1,0.1,0,0.2,
,17,112,野菜類,凍みこんにゃく,36,80.8,0.7,0.3,1.3,
,17,,野菜類,しらたき,6,96.5,0.2,0,0.1,
,17,24,野菜類,さつまいも,163,58.1,1.4,0.2,35.5,
,17,24,野菜類,さつまいも　蒸し切干,303,22.2,3.1,0.6,66,
,17,,野菜類,むらさきいも,132,66.2,1.2,0.3,28.4,
,17,26,野菜類,さといも　里芋,59,84,1.5,0.1,11,
,17,,野菜類,セレベス,85,77.5,2.1,0.3,16.9,
,17,,野菜類,たけのこいも,96,75.4,1.6,0.4,19.4,
,17,,野菜類,みずいも　水芋,110,72,0.7,0.4,23.6,
,17,,,やつがしら　八頭,93,75.6,2.7,0.6,17.2,
,17,25,野菜類,じゃがいも,84,78.1,1.5,0.1,17.9,
,17,25,野菜類,フライドポテト,237,52.9,2.9,10.6,29.3,
,17,25,野菜類,マッシュポテト,357,7.5,6.6,0.6,76.2,
,17,,野菜類,ヤーコン,44,88.8,0.6,0.3,8.7,
,18,,野菜類,いちょういも,108,71.1,4.5,0.5,21.2,
,18,32,野菜類,ながいも　長芋,59,84.2,2,0.3,11.2,
,18,,野菜類,やまといも　大和芋,123,66.7,4.5,0.2,24.6,
,18,,野菜類,じねんじょ　自然薯,121,68.8,2.8,0.7,24.7,
,18,,野菜類,だいじょ,109,71.2,2.6,0.1,22.8,
,19,,,キャッサバでん粉,346,14.2,0.1,0.2,85.3,
,19,,,くずでん粉,347,13.9,0.2,0.2,85.6,
,19,,,米でん粉,366,9.7,0.2,0.7,89.3,
,19,,,小麦でん粉,351,13.1,0.2,0.5,86,
,19,,,サゴでん粉,349,13.4,0.1,0.2,86.1,
,19,,,さつまいもでん粉,332,17.5,0.1,0.2,82,
,19,,,じゃがいもでん粉,330,18,0.1,0.1,81.6,
,19,,,とうもろこしでん粉,354,12.8,0.1,0.7,86.3,
,20,,,くずきり,135,66.5,0.1,0.1,32.5,
,20,,大豆製品,ごま豆腐,81,84.8,1.5,4.3,8.1,
,20,,,タピオカパール,62,84.6,0,0,15.2,
,20,,めん類,でん粉麺,353,12.6,0.2,0.3,84.9,
,20,,めん類,緑豆はるさめ,84,79.3,0,0.1,19.1,
,20,,めん類,はるさめ,80,80,0,0,19.1,
,21,126,,黒砂糖,354,5,1.7,0,89.7,
,21,126,,和三盆糖,383,0.5,0.2,0,98.8,
,21,126,,上白糖,384,0.8,0,0,99.2,
,21,126,,三温糖,382,1.2,0,0,98.7,
,21,126,,グラニュー糖,387,0,0,0,100,
,21,126,,白ざら糖,387,0,0,0,100,
,21,126,,中ざら糖,387,0,0,0,100,
,21,126,,角砂糖,387,0,0,0,100,
,21,126,,氷砂糖,387,0,0,0,100,
,21,126,,コーヒーシュガー,387,0,0.1,0,99.9,
,21,,,粉糖,386,0.3,0,0,99.7,
,21,,,しょ糖型液糖,271,30,0,0,70,
,21,,,転化型液糖,307,20.7,0,0,79.3,
,21,,,氷糖みつ,265,31.5,0.2,0,68.2,
,22,,,粉あめ,381,3,0,0,97,
,22,,,水飴　水あめ,328,15,0,0,85,
,22,,,ぶどう糖,336,8.7,0,0,91.3,
,22,,,果糖,368,0.1,0,0,99.9,
,22,,,異性化液糖,276,25,0,0,75,
,23,,,黒蜜,199,46.5,1,0,50.5,
,23,,,はちみつ,294,20,0.2,0,79.7,
,23,,,メープルシロップ　,257,33,0.1,0,66.3,
,24,,,あずき　全粒　乾,339,15.5,20.3,2.2,40.9,
,24,,,あずき,143,64.8,8.9,1,12.4,
,24,,,ゆで小豆缶詰,218,45.3,4.4,0.4,45.8,
,24,,,こしあん,155,62,9.8,0.6,20.3,
,24,,,さらしあん　さらあん,385,5,26.2,1,39.2,
,24,,,つぶしあん　つぶあん,244,39.3,5.6,0.6,48.3,
,25,,野菜類,いんげんまめ,143,64.3,8.5,1,11.5,
,25,,野菜類,うずら豆,237,41.4,6.7,1.3,43.7,
,25,,,いんげんまめ　こしあん,155,62.3,9.4,0.9,18.5,
,25,,,豆きんとん,249,37.8,4.9,0.5,51.4,
,26,,,青えんどう,148,63.8,9.2,1,17.5,
,26,,,赤えんどう,148,63.8,9.2,1,17.5,
,26,,野菜類,えんどう,423,5.6,20.8,11.6,39.2,
,26,,野菜類,塩豆,364,6.3,23.3,2.4,43.6,
,26,,野菜類,うぐいす豆,240,39.7,5.6,0.7,47.6,
,27,,野菜類,ささげ,145,63.9,10.2,0.9,13.1,
,28,,野菜類,そらまめ,348,13.3,26,2,46.6,
,28,,野菜類,フライビーンズ,472,4,24.7,20.8,31.5,
,28,,野菜類,おたふく豆,251,37.2,7.9,1.2,46.3,
,28,,野菜類,ふき豆,263,34.5,9.6,1.6,48,
,28,,野菜類,しょうゆ豆,196,50.2,9.8,0.9,27,
,29,,野菜類,黄大豆,422,12.4,33.8,19.7,11.6,
,29,,野菜類,黒大豆,414,12.7,33.9,18.1,14.8,
,29,,野菜類,いり大豆,439,2.5,37.5,21.6,13.9,
,29,,,水煮缶詰,140,71.7,12.9,6.7,0.9,
,29,,野菜類,蒸し大豆,205,57.4,16.6,9.8,5,
,29,,,きな粉,451,2.6,37.5,25.1,14.2,
,29,,,大豆はいが,442,3.9,37.8,14.7,20.7,
,29,,野菜類,ぶどう豆,289,36,14.1,9.4,30.7,
,29,109,大豆製品,木綿豆腐,72,86.8,6.6,4.2,1.2,
,29,109,大豆製品,絹ごし豆腐,56,89.4,4.9,3,1.7,
,29,109,大豆製品,ソフト豆腐,59,88.9,5.1,3.3,1.6,
,29,109,大豆製品,充てん豆腐,59,88.6,5,3.1,2.2,
,29,109,大豆製品,沖縄豆腐,106,81.8,9.1,7.2,0.2,
,29,109,大豆製品,ゆし豆腐,50,90,4.3,2.8,1.4,
,29,109,大豆製品,焼き豆腐,88,84.8,7.8,5.7,0.5,
,29,,大豆製品,生揚げ,150,75.9,10.7,11.3,0.2,
,29,110,大豆製品,油揚げ,398,40.2,24.9,32.2,0,
,29,,大豆製品,がんもどき,228,63.5,15.3,17.8,0.2,
,29,,大豆製品,凍り豆腐,115,79.6,10.7,7.3,0.6,
,29,,大豆製品,豆腐よう,189,60.6,9.5,8.3,18.3,
,29,,大豆製品,豆腐竹輪,139,68.8,16.1,4.9,6.8,
,29,,大豆製品,ろくじょう豆腐,347,26.5,34.7,21.5,0.6,
,30,111,大豆製品,糸引き納豆,200,59.5,16.5,10,5.4,
,30,111,大豆製品,挽きわり納豆,194,60.9,16.6,10,4.6,
,30,111,大豆製品,五斗納豆,227,45.8,15.3,8.1,19.1,
,30,111,大豆製品,寺納豆,271,24.4,18.6,8.1,23.9,
,31,,大豆製品,生おから,111,75.5,6.1,3.6,2.3,
,31,,大豆製品,乾燥おから,421,7.1,23.1,13.6,8.7,
,31,197,大豆製品,豆乳,46,90.8,3.6,2,2.9,
,31,197,大豆製品,調製豆乳,64,87.9,3.2,3.6,4.5,
,31,,大豆製品,豆乳飲料・麦芽コーヒー,60,87.4,2.2,2.2,7.7,
,31,,大豆製品,粒状大豆たんぱく,360,7.8,46.3,3,18.9,
,31,,大豆製品,濃縮大豆たんぱく,361,6.8,58.2,1.7,7,
,31,,大豆製品,分離大豆たんぱく,388,5.9,79.1,3,3.3,
,31,,大豆製品,繊維状大豆たんぱく,383,5.8,59.3,5,19.6,
,31,,大豆製品,生湯葉,231,59.1,21.8,13.7,3.3,
,31,,大豆製品,乾燥湯葉,530,6.9,50.4,32.1,4.2,
,31,,大豆製品,金山寺みそ,256,34.3,6.9,3.2,46.8,
,31,,大豆製品,ひしおみそ,206,46.3,6.5,2.7,36,
,31,,大豆製品,テンペ,202,57.8,15.8,9,5.2,
,32,,,つるあずき,159,60.5,9.7,1,14.1,
,32,,野菜類,ひよこまめ,171,59.6,9.5,2.5,15.8,
,32,,野菜類,べにばないんげん　,121,69.7,6.2,0.6,14.7,
,32,,野菜類,らいまめ,152,62.3,9.6,0.9,15.1,
,32,,野菜類,りょくとう,137,66,10.2,0.6,17.3,
,32,,野菜類,レンズまめ,170,57.9,11.2,0.8,19.7,
,32,,野菜類,アーモンド,606,1.8,19.2,53.6,10.4,
,32,,,あまに,564,0.3,21.9,43.5,6.5,
,32,,,えごま,544,5.6,17.7,43.4,8.6,
,32,120,,カシューナッツ,576,3.2,19.8,47.6,20,
,32,,野菜類,炒りかぼちゃ,574,4.5,26.5,51.8,4.7,
,32,,野菜類,かや,665,1.2,8.7,64.9,4.4,
,32,,野菜類,ぎんなん,174,56.9,4.6,1.5,33.4,
,33,,果物類,栗　くり,167,58.4,3.5,0.6,30.1,
,33,,果物類,甘露煮,238,40.8,1.8,0.4,54,
,33,,果物類,甘栗　甘ぐり,222,44.4,4.9,0.9,40,
,33,,果物類,くるみ,674,3.1,14.6,68.8,4.2,
,33,,,けし,567,3,19.3,49.1,5.3,
,33,,,ごま,603,4.1,19.3,54.9,5.8,
,33,,,しい　椎,252,37.3,3.2,0.8,54.3,
,33,,,とち　栃,161,58,1.7,1.9,27.6,
,33,,,蓮の実　はす,133,66.1,7.3,0.8,20,
,33,,,菱の実　ひし,190,51.8,5.8,0.5,37.7,
,34,,野菜類,ピスタチオ,615,2.2,17.4,56.1,11.7,
,34,,,ひまわり,611,2.6,20.1,56.3,10.3,
,34,120,,ブラジルナッツ,669,2.8,14.9,69.1,2.4,
,34,120,,ヘーゼルナッツ,684,1,13.6,69.3,6.5,
,34,,,ペカン,702,1.9,9.6,73.4,6.2,
,35,120,,マカダミアナッツ,720,1.3,8.3,76.7,6,
,35,,,まつ,690,1.9,14.6,72.5,1.2,
,35,,野菜類,らっかせい,585,2.1,26.5,49.4,12.4,
,35,,,バターピーナッツ,592,2.4,25.5,51.3,11.3,
,35,,,ピーナッツバター,640,0.6,25.4,50.7,14.4,
,36,,野菜類,アーティチョーク,45,85.9,2.1,0.1,2.2,
,36,,野菜類,あさつき,39,87.3,4.2,0.3,3.9,
,36,,野菜類,あしたば,31,89.5,2.9,0.1,1.3,
,36,23,野菜類,アスパラガス,24,92,2.6,0.1,2.5,
,36,,野菜類,アロエ,3,99,0,0.1,0.3,
,37,35,野菜類,いんげんまめ　さやいんげん,26,91.7,1.8,0.2,2.9,
,37,,野菜類,うど,18,94.4,0.8,0.1,2.9,
,37,,野菜類,やまうど,19,93.9,1.1,0.1,2.5,
,37,34,野菜類,えだまめ,134,72.1,11.5,6.1,4.3,
,37,,野菜類,エンダイブ,15,94.6,1.2,0.2,0.7,
,37,,野菜類,トウミョウ　豆苗,27,91.7,3.6,0.6,0.3,
,37,,野菜類,さやえんどう,34,89.1,3.2,0.2,3.9,
,37,,野菜類,スナップえんどう,43,86.6,2.9,0.1,7.4,
,37,,野菜類,グリンピース,110,72.2,8.3,0.2,9.9,
,38,,野菜類,おおさかしろな,17,94,1.6,0.3,0.9,
,38,,野菜類,おかひじき,17,92.9,1.2,0.1,1.1,
,38,,野菜類,オクラ,30,90.2,2.1,0.2,1.6,
,38,,野菜類,かぶ,20,92.3,2.3,0.1,1,
,38,36,野菜類,日本かぼちゃ,49,86.7,1.6,0.1,8.1,
,38,36,野菜類,西洋かぼちゃ,91,76.2,1.9,0.3,17.1,
,38,36,野菜類,そうめんかぼちゃ,24,92.4,0.7,0.1,4.6,
,38,,野菜類,からしな,26,90.3,3.3,0.1,1,
,39,,野菜類,カリフラワー,27,90.8,3,0.1,2.3,
,39,,野菜類,かんぴょう,28,91.6,0.7,0,1.9,
,39,,,きくの花,27,91.5,1.4,0,3.1,
,39,,,菊のり,292,9.5,11.6,0.2,43.9,
,39,16,野菜類,キャベツ,23,92.7,1.3,0.2,3.4,
,39,16,野菜類,グリーンボール,20,93.4,1.4,0.1,2.7,
,39,16,野菜類,レッドキャベツ,30,90.4,2,0.1,3.9,
,40,37,野菜類,きゅうり,14,95.4,1,0.1,1.9,
,40,,野菜類,スイートピクルス,67,80,0.3,0.1,16.6,
,40,,野菜類,サワーピクルス,12,93.4,1.4,0,1.1,
,40,,野菜類,ぎょうじゃにんにく,34,88.8,3.5,0.2,3.3,
,40,,野菜類,キンサイ,19,93.5,1.1,0.4,1,
,40,,野菜類,クレソン,15,94.1,2.1,0.1,0,
,40,,野菜類,くわい,126,65.5,6.3,0.1,24.2,
,40,,野菜類,ケール,28,90.2,2.1,0.4,1.9,
,40,,野菜類,コールラビ,21,93.2,1,0,3.2,
,40,,野菜類,こごみ,28,90.7,3,0.2,0.1,
,40,29,野菜類,ごぼう,65,81.7,1.8,0.1,9.7,
,40,,野菜類,こまつな,14,94.1,1.5,0.2,0.5,
,40,,野菜類,ザーサイ,23,77.6,2.5,0.1,0,
,40,,野菜類,さんとうさい,14,94.7,1,0.2,0.5,
,41,,野菜類,しかくまめ,20,92.8,2.4,0.1,0.6,
,41,,野菜類,ししとう,27,91.4,1.9,0.3,2.1,
,41,,野菜類,しその葉,37,86.7,3.9,0.1,0.2,
,41,,,しその実,41,85.7,3.4,0.1,0,
,41,,野菜類,じゅうろくささげ,24,91.9,2.5,0.1,0.6,
,41,,野菜類,しゅんぎく,22,91.8,2.3,0.3,0.7,
,41,,野菜類,じゅんさい,5,98.6,0.4,0,0,
,42,33,野菜類,葉しょうが,11,96.3,0.5,0.2,0.5,
,42,33,野菜類,しょうが,30,91.4,0.9,0.3,4.5,
,42,,野菜類,しろうり,15,95.3,0.9,0.1,2.1,
,42,,野菜類,生ずいき,16,94.5,0.5,0,2.5,
,42,,野菜類,干しずいき,246,9.9,6.6,0.4,37.7,
,42,,野菜類,すぐきなの葉,26,90.5,1.9,0.2,1.4,
,42,,野菜類,すぐきなの根,21,93.7,0.6,0.1,3,
,42,,野菜類,すぐき漬,34,87.4,2.6,0.7,0.9,
,43,,野菜類,ズッキーニ,14,94.9,1.3,0.1,1.5,
,43,,野菜類,せり,17,93.4,2,0.1,0.8,
,43,,野菜類,セロリ,15,94.7,0.4,0.1,2.1,
,43,,野菜類,生ぜんまい,29,90.9,1.7,0.1,2.8,
,43,,野菜類,干しぜんまい,293,8.5,14.6,0.6,36,
,43,,野菜類,そらまめ,108,72.3,10.9,0.2,12.9,
,43,,野菜類,タアサイ,13,94.3,1.3,0.2,0.3,
,43,,野菜類,かいわれ大根,21,93.4,2.1,0.5,1.4,
,43,27,野菜類,葉大根　葉だいこん,18,92.6,2,0.2,0.7,
,43,27,野菜類,大根　だいこん,25,90.6,2.2,0.1,1.3,
,43,27,野菜類,切干しだいこん,19,94.6,0.9,0.1,0.4,
,43,27,野菜類,塩押しだいこん漬　たくあん,64,78.2,1.2,0.3,11.7,
,43,27,野菜類,干しだいこん漬　たくあん,27,88.8,1.9,0.1,1.8,
,43,,野菜類,福神漬,136,58.6,2.7,0.1,29.4,
,43,,野菜類,つまみな,20,92.3,1.9,0.3,1.3,
,43,,野菜類,たいさい,16,93.7,0.9,0.1,1.9,
,43,,野菜類,たかな,21,92.7,1.8,0.2,1.7,
,43,,野菜類,高菜漬け　たかな漬け,33,83.5,2.8,0.2,1.8,
,43,,野菜類,たけのこ,26,90.8,3.6,0.2,1.5,
,43,,野菜類,めんま,19,93.9,1,0.5,0.1,
,44,30,野菜類,玉ねぎ　たまねぎ,37,89.7,1,0.1,7.2,
,44,30,野菜類,赤玉ねぎ　赤たまねぎ,38,89.6,0.9,0.1,7.3,
,44,30,野菜類,葉玉ねぎ　葉たまねぎ,37,89.5,1.8,0.4,4.6,
,44,,野菜類,タラの芽　たらのめ,27,90.2,4.2,0.2,0.1,
,44,,野菜類,チコリ,16,94.7,1,0,2.8,
,44,,野菜類,青梗菜　チンゲンサイ,9,96,0.6,0.1,0.8,
,44,,野菜類,つくし,38,86.9,3.5,0.1,0,
,44,,野菜類,つるな,15,93.8,1.8,0.1,0.5,
,44,,野菜類,つるむらさき,13,95.1,0.7,0.2,0.4,
,44,,野菜類,つわぶき,21,93.3,0.4,0,3.1,
,44,,野菜類,唐辛子　とうがらし,35,86.7,3.4,0.1,1.5,
,44,,野菜類,冬瓜　とうがん,16,95.2,0.5,0.1,2.5,
,45,,野菜類,スイートコーン,92,77.1,3.6,1.7,13.8,
,45,,野菜類,クリームスタイルコーン,84,78.2,1.7,0.5,16.8,
,45,,野菜類,ホールカーネルコーン,82,78.4,2.3,0.5,14.5,
,45,,野菜類,ヤングコーン,29,90.9,2.3,0.2,3.3,
,45,,野菜類,トレビス,18,94.1,1.1,0.2,1.9,
,45,,野菜類,とんぶり,90,76.7,6.1,3.5,5.8,
,45,18,野菜類,長崎白菜　ながさきはくさい,13,93.9,1.3,0.1,0.4,
,45,38,野菜類,なす,22,93.2,1.1,0.1,2.9,
,45,38,野菜類,べいなす,22,93,1.1,0.1,2.9,
,46,,野菜類,なずな　,36,86.8,4.3,0.1,1.6,
,46,,野菜類,和種なばな,33,88.4,4.4,0.2,1.6,
,46,,野菜類,洋種なばな,35,88.3,4.1,0.4,2.3,
,46,42,野菜類,にがうり,17,94.4,1,0.1,1.3,
,47,,野菜類,ニラ　にら,21,92.6,1.7,0.3,1.3,
,47,,野菜類,花ニラ　花にら,27,91.4,1.9,0.2,3.1,
,47,,野菜類,黄ニラ　黄にら,18,94,2.1,0.1,1.3,
,47,28,野菜類,葉人参　葉にんじん,18,93.5,1.1,0.2,1,
,47,28,野菜類,人参　にんじん,39,89.1,0.7,0.2,6.5,
,47,28,野菜類,にんじんジュース,28,92,0.6,0.1,6.5,
,47,,野菜類,きんとき,44,87.3,1.8,0.2,5.7,
,47,,野菜類,ミニキャロット,32,90.9,0.7,0.2,4.8,
,47,,野菜類,にんにく,136,63.9,6.4,0.9,21.3,
,47,,野菜類,茎にんにく,45,86.7,1.9,0.3,6.8,
,47,19,野菜類,根深ネギ　根深ねぎ,34,89.6,1.4,0.1,5.8,
,47,19,野菜類,葉ネギ　葉ねぎ,30,90.5,1.9,0.3,3.3,
,47,19,野菜類,小ネギ　小ねぎ,27,91.3,2,0.3,2.9,
,48,,野菜類,のざわな,16,94,0.9,0.1,1.5,
,48,,野菜類,のびる,65,80.2,3.2,0.2,8.6,
,48,18,野菜類,白菜　はくさい,14,95.2,0.8,0.1,1.9,
,48,117,野菜類,キムチ,46,85.8,2.8,0.3,5.2,
,48,,野菜類,パクチョイ,15,94,1.6,0.2,0.9,
,48,,野菜類,バジル,24,91.5,2,0.6,0,
,48,,野菜類,パセリ,43,84.7,4,0.7,1,
,48,27,野菜類,はつかだいこん,15,95.3,0.8,0.1,1.9,
,48,,野菜類,はやとうり,20,94,0.6,0.1,3.7,
,48,,野菜類,ピーツ,41,87.6,1.6,0.1,6.6,
,49,,野菜類,ピーマン,22,93.4,0.9,0.2,2.8,
,49,,野菜類,赤ピーマン,30,91.1,1,0.2,5.6,
,49,,野菜類,黄ピーマン,27,92,0.8,0.2,5.3,
,49,,野菜類,トマピー,31,90.9,1,0.2,5.9,
,50,,野菜類,ひのな,19,92.5,1,0,1.7,
,50,,野菜類,ひろしまな,20,92.7,1.5,0.2,1.8,
,50,,野菜類,ふき,11,95.8,0.3,0,1.7,
,50,,野菜類,ふきのとう,43,85.5,2.5,0.1,3.6,
,50,,野菜類,富士豆　ふじまめ,33,89.2,2.5,0.1,3,
,50,,野菜類,ふだんそう,19,92.2,2,0.1,0.4,
,51,22,野菜類,ブロッコリー　,33,89,4.3,0.5,0.8,
,51,,野菜類,ヘチマ　へちま,16,94.9,0.8,0.1,2.8,
,51,17,野菜類,ほうれんそう　ほうれん草,20,92.4,2.2,0.4,0.3,
,51,,野菜類,ホースラディッシュ,79,77.3,3.1,0.3,9.5,
,51,,野菜類,まこも,21,93.5,1.3,0.2,2.1,
,51,,野菜類,みずかけな,25,91.1,2.9,0.1,1.9,
,51,,野菜類,みずな,23,91.4,2.2,0.1,1.8,
,51,,野菜類,切り三つ葉　切りみつば,18,93.8,1,0.1,1.5,
,51,,野菜類,根三つ葉　根みつば,20,92.7,1.9,0.1,1.2,
,51,,野菜類,糸三つ葉　糸みつば,13,94.6,0.9,0.1,0.6,
,51,,野菜類,壬生菜　みぶな,15,93.9,1.1,0.3,1.1,
,51,,野菜類,茗荷　みょうが,12,95.6,0.9,0.1,0.5,
,51,,野菜類,みょうがたけ,7,97.1,0.4,0.1,0.4,
,51,,野菜類,むかご,93,75.1,2.9,0.2,16.4,
,51,16,野菜類,芽キャベツ　めキャベツ,50,83.2,5.7,0.1,4.4,
,51,,野菜類,めたで芽ばえ　生,43,87,3,0.5,2.5,
,52,21,野菜類,アルファルファもやし,12,96,1.6,0.1,0.6,
,52,21,野菜類,だいずもやし,37,92,3.7,1.5,0,
,52,21,野菜類,ブラックマッペもやし,15,95,2,0,1.3,
,52,21,野菜類,りょくとうもやし,14,95.4,1.7,0.1,1.3,
,53,,野菜類,モロヘイヤ,38,86.1,4.8,0.5,0.4,
,53,29,野菜類,やまごぼう,72,72.8,4.1,0.1,8.6,
,53,,野菜類,ゆりね,125,66.5,3.8,0.1,22.9,
,53,,野菜類,ようさい　空芯菜,17,93,2.2,0.1,0,
,53,,野菜類,よめな,46,84.6,3.4,0.2,2.2,
,53,,野菜類,よもぎ,46,83.6,5.2,0.3,0.9,
,54,153,野菜類,落花生　らっかせい,295,50.1,12,24.2,8.4,
,54,,野菜類,らっきょう,118,68.3,1.4,0.2,8.6,
,54,,野菜類,エシャレット,76,79.1,2.3,0.2,6.4,
,54,,野菜類,リーキ,29,90.8,1.6,0.1,4.4,
,54,,野菜類,ルッコラ,19,92.7,1.9,0.4,0.5,
,54,,野菜類,ルバーブ,24,92.1,0.7,0.1,3.5,
,55,20,野菜類,レタス,14,95.3,0.8,0.2,1.8,
,55,,野菜類,サラダ菜　サラダな,14,94.9,1,0.2,0.9,
,55,20,野菜類,リーフレタス,16,94,1.4,0.1,1.4,
,55,20,野菜類,サニーレタス,16,94.1,1.2,0.2,1.2,
,55,,野菜類,サンチュ,15,94.5,1.2,0.4,0.5,
,55,20,野菜類,コスレタス,17,94.5,1.2,0.2,1.5,
,56,31,野菜類,れんこん,66,81.5,1.9,0.1,13.5,
,56,,野菜類,わけぎ,30,90.3,1.6,0,4.6,
,56,,野菜類,わさび,88,74.2,5.6,0.2,14,
,56,,野菜類,わさび漬,145,61.4,7.1,0.5,25.3,
,56,,野菜類,わらび,21,92.7,2.4,0.1,0.4,
,56,,野菜類,干しわらび,274,10.4,20,0.7,3.4,
,56,,果物類,あけび,82,77.1,0.5,0.1,20.9,
,57,,果物類,アセロラ,36,89.9,0.7,0.1,7.1,
,57,,果物類,アテモヤ,79,77.7,1.8,0.4,16.1,
,57,60,果物類,アボカド,187,71.3,2.5,18.7,0.9,
,57,,果物類,杏　あんず,36,89.8,1,0.3,6.9,
,57,,果物類,杏ジャム　あんずジャム,262,34.5,0.3,0.1,64.2,
,57,56,果物類,イチゴ　いちご,34,90,0.9,0.1,7.1,
,57,,果物類,苺ジャム　いちごジャム,256,36,0.4,0.1,62,
,57,,果物類,いちじく,54,84.6,0.6,0.1,12.4,
,58,,果物類,梅　うめ,28,90.4,0.7,0.5,5.4,
,58,113,果物類,梅干し　うめぼし,33,65.1,0.9,0.2,6.9,
,58,,果物類,梅醤　梅びしお,200,42.4,0.7,0.5,46.8,
,59,,果物類,グリーンオリーブ,145,75.6,1,15,1.2,
,59,,果物類,ブラックオリーブ,118,81.6,0.8,12.3,0.9,
,59,,果物類,スタッフドオリーブ,137,75.4,0.8,14.3,0.5,
,59,52,果物類,甘柿　あまがき,60,83.1,0.4,0.2,14.3,
,59,52,果物類,渋抜き柿　しぶぬきがき,63,82.2,0.5,0.1,14.1,
,59,52,果物類,干し柿　ほしがき,276,24,1.5,1.7,57.3,
,59,,果物類,かりん,68,80.7,0.4,0.1,9.4,
,60,,果物類,伊予柑　いよかん,46,86.7,0.9,0.1,10.7,
,60,46,果物類,温州みかん　うんしゅうみかん,46,86.9,0.7,0.1,11,
,60,48,果物類,ネーブルオレンジ,46,86.8,0.9,0.1,10.8,
,60,48,果物類,バレンシアオレンジ,39,88.7,1,0.1,9,
,60,,果物類,バレンシアオレンジマーマレード,255,36.4,0.2,0.1,62.5,
,60,48,果物類,福原オレンジ　ふくはらオレンジ,39,88.7,1,0.1,9,
,60,,果物類,オロブランコ,40,88.7,0.8,0.1,9.2,
,60,,果物類,かぼす,25,90.7,0.4,0.1,8.4,
,60,,果物類,河内晩柑　かわちばんかん,35,90,0.7,0.2,8.2,
,60,48,果物類,清見オレンジ　きよみ,41,88.4,0.8,0.2,9.7,
,60,,果物類,金柑　きんかん,71,80.8,0.5,0.7,12.9,
,60,47,果物類,グレープフルーツ,38,89,0.9,0.1,9,
,60,,果物類,三宝柑　さんぼうかん,44,87.6,0.7,0.3,10,
,60,,果物類,シークヮーサー,25,90.9,0.8,0.1,7.6,
,60,49,果物類,デコポン　不知火　しらぬひ,51,85.8,0.8,0.2,12.3,
,60,,果物類,すだち,68,80.7,1.8,0.3,6.3,
,60,,果物類,せとか,47,86.9,0.8,0.2,11,
,60,,果物類,セミノール,49,86,1.1,0.1,11.6,
,60,,果物類,だいだい,24,91.2,0.3,0.2,8,
,60,,果物類,夏みかん　なつみかん,40,88.6,0.9,0.1,8.8,
,60,,果物類,八朔　はっさく,45,87.2,0.8,0.1,10,
,60,,果物類,はるみみかん,48,86.5,0.9,0.2,11.3,
,60,,果物類,日向夏　ヒュウガナツ,45,87.2,0.6,0.1,9.6,
,60,,果物類,文旦　ぶんたん　ブンタン,38,89,0.7,0.1,8.9,
,60,,果物類,ポンカン　ぽんかん,40,88.8,0.9,0.1,8.9,
,60,,果物類,柚子　ゆず,59,83.7,1.2,0.5,7.3,
,60,,果物類,ライム,27,89.8,0.4,0.1,9.1,
,60,,果物類,レモン,54,85.3,0.9,0.7,7.6,
,61,59,果物類,キウイフルーツ,53,84.7,1,0.1,11,
,61,,果物類,キワノ,41,89.2,1.5,0.9,5.4,
,61,,果物類,グァバ,38,88.9,0.6,0.1,4.8,
,61,,果物類,グーズベリー,52,85.2,1,0.1,10.7,
,61,,果物類,茱萸　ぐみ,68,81,1.3,0.2,15.2,
,62,,果物類,ココナッツウォーター,20,94.3,0.2,0.1,5,
,62,,果物類,ココナッツミルク,150,78.8,1.9,16,2.6,
,62,,果物類,ナタデココ,73,79.7,0,0,19.7,
,62,,果物類,ココナッツパウダー,668,2.5,6.1,65.8,9.6,
,63,57,果物類,さくらんぼ,60,83.1,1,0.2,14,
,63,,果物類,ザクロ　ざくろ,56,83.9,0.2,0,15.5,
,63,54,果物類,スイカ　すいか,37,89.6,0.6,0.1,9.2,
,63,,果物類,スターフルーツ,30,91.4,0.7,0.1,5.7,
,63,,果物類,プルーン,49,86.2,0.7,0.1,10.7,
,63,,果物類,チェリモヤ,78,78.1,1.3,0.3,17.6,
,63,,果物類,ドラゴンフルーツ,50,85.7,1.4,0.3,9.9,
,63,,果物類,ドリアン,133,66.4,2.3,3.3,25,
,63,50,果物類,日本梨　にほんなし,43,88,0.3,0.1,10.4,
,63,50,果物類,中国梨　ちゅうごくなし,47,86.8,0.2,0.1,11.3,
,63,50,果物類,西洋梨　せいようなし,54,84.9,0.3,0.1,12.5,
,64,,果物類,ナツメ　なつめ,287,21,3.9,2,58.9,
,64,,果物類,ナツメヤシ　なつめやし,266,24.8,2.2,0.2,64.3,
,64,,果物類,パインアップル,51,85.5,0.6,0.1,11.9,
,64,,果物類,ハスカップ,53,85.5,0.7,0.6,10.7,
,64,,果物類,パッションフルーツ,64,82,0.8,0.4,16.2,
,64,58,果物類,バナナ,86,75.4,1.1,0.2,21.4,
,64,,果物類,パパイア,38,89.2,0.5,0.2,7.3,
,64,,果物類,びわ,40,88.6,0.3,0.1,9,
,65,51,果物類,ぶどう,59,83.5,0.4,0.1,15.2,
,65,,果物類,干しぶどう,301,14.5,2.7,0.2,76.6,
,65,,果物類,ブルーベリー,49,86.4,0.5,0.1,9.6,
,65,,,ブルーベリージャム,181,55.1,0.7,0.3,39.5,
,65,,果物類,ホワイトサポテ,74,79,1.5,0.1,15.8,
,65,,果物類,まくわうり,32,90.8,0.8,0.1,6.8,
,65,,果物類,マルメロ,56,84.2,0.3,0.1,10,
,65,,果物類,マンゴー,64,82,0.6,0.1,15.6,
,65,,果物類,マンゴスチン,67,81.5,0.6,0.2,16.1,
,65,54,果物類,メロン,42,87.8,1.1,0.1,9.8,
,66,53,果物類,桃　もも,40,88.7,0.6,0.1,8.9,
,66,,果物類,すもも,44,88.6,0.6,1,7.8,
,66,,果物類,ネクタリン,43,87.8,0.7,0.3,9,
,66,,果物類,やまもも,44,87.8,0.5,0.2,10.2,
,66,,果物類,ライチー,63,82.1,1,0.1,15.5,
,66,,果物類,ラズベリー,41,88.2,1.1,0.1,5.5,
,66,,果物類,りゅうがん,283,19.4,5.1,0.4,70.1,
,66,45,果物類,りんご,61,83.1,0.2,0.3,14.3,
,66,,,りんごジャム,213,46.9,0.2,0.1,51.9,
,67,43,野菜類,えのきたけ,22,88.6,2.7,0.2,3.7,
,67,,野菜類,あらげきくらげ,35,82.3,1.2,0.1,0,
,67,,野菜類,きくらげ,13,93.8,0.6,0.2,0,
,67,,野菜類,しろきくらげ,14,92.6,0.4,0,0.3,
,67,,野菜類,くろあわびたけ,19,90.2,3.7,0.4,0.8,
,67,41,野菜類,生しいたけ,19,90.3,3,0.3,1.5,
,67,,野菜類,乾しいたけ,42,79.1,3.2,0.5,9.2,
,67,44,野菜類,はたけしめじ,15,92,2.6,0.3,1.8,
,67,44,野菜類,ぶなしめじ,18,90.8,2.7,0.6,1.3,
,67,44,野菜類,ほんしめじ,12,93.6,2.5,0.4,0.9,
,67,,野菜類,たもぎたけ,16,91.7,3.6,0.3,0.4,
,67,,野菜類,なめこ,15,92.4,1.7,0.2,1.9,
,67,,野菜類,ぬめりすぎたけ,15,92.6,2.3,0.4,1.6,
,67,,野菜類,うすひらたけ,23,88,6.1,0.2,1,
,67,,野菜類,エリンギ,19,90.2,2.8,0.4,2.6,
,67,,野菜類,ひらたけ,20,89.4,3.3,0.3,3.6,
,67,,野菜類,まいたけ,15,92.7,2,0.5,0.9,
,67,,野菜類,マッシュルーム,11,93.9,2.9,0.3,0.1,
,67,,野菜類,松茸　まつたけ,23,88.3,2,0.6,3.5,
,67,,野菜類,やなぎまつたけ,13,92.8,2.4,0.1,1,
,68,,野菜類,あおさ,130,16.9,22.1,0.6,12.6,
,68,,野菜類,あおのり,164,6.5,29.4,5.2,5.8,
,68,,野菜類,あまのり,188,2.3,41.4,3.7,8.3,
,68,,野菜類,あらめ,140,16.7,12.4,0.7,8.2,
,68,,野菜類,いわのり,151,8.4,34.8,0.7,2.7,
,68,,野菜類,うみぶどう,4,97,0.5,0.1,0.4,
,68,,野菜類,えごのり,143,15.2,9,0.1,8.9,
,68,,野菜類,おごのり,21,89,1.3,0.1,1.3,
,68,,野菜類,かわのり,167,13.7,38.1,1.6,0,
,69,107,野菜類,えながおにこんぶ,138,10.4,11,1,30.8,
,69,107,野菜類,がごめこんぶ,142,8.3,7.9,0.5,27.9,
,69,107,野菜類,ながこんぶ,140,10,8.3,1.5,21.7,
,69,107,野菜類,ほそめこんぶ,147,11.3,6.9,1.7,30,
,69,107,野菜類,まこんぶ,145,9.5,8.2,1.2,34.4,
,69,107,野菜類,みついしこんぶ,153,9.2,7.7,1.9,29.9,
,69,107,野菜類,りしりこんぶ,138,13.2,8,2,25.1,
,69,107,野菜類,刻み昆布,105,15.5,5.4,0.5,6.9,
,69,107,野菜類,削り昆布,117,24.4,6.5,0.9,22,
,69,107,野菜類,塩昆布,110,24.1,16.9,0.4,23.9,
,69,,野菜類,つくだ煮,168,49.6,6,1,26.5,
,69,,,すいぜんじのり,7,96.1,1.5,0,0,
,70,,,てんぐさ,144,15.2,16.1,1,6.5,
,70,,,ところてん,2,99.1,0.2,0,0,
,70,,,角寒天,154,20.5,2.4,0.2,0,
,70,,,寒天,3,98.5,0,0,0,
,70,,,粉寒天,165,16.7,0.2,0.3,2.7,
,70,,野菜類,とさかのり,14,92.1,1.5,0.1,1.1,
,71,,野菜類,ひじき,10,94.8,0.7,0.3,0,
,71,,野菜類,ひとえぐさ,130,16,16.6,1,2.1,
,71,,野菜類,ふのり,148,14.7,13.8,1,14.7,
,71,,野菜類,まつも,159,12.6,27.9,4.9,12.3,
,71,,野菜類,むかでのり,10,93.7,0.6,0.1,0,
,72,,野菜類,おきなわもずく,6,96.7,0.3,0.2,0,
,72,,野菜類,もずく,4,97.7,0.2,0.1,0,
,72,106,野菜類,わかめ,16,89,1.9,0.2,2,
,72,,野菜類,乾燥わかめ,117,12.7,13.6,1.6,8.6,
,72,,野菜類,湯通し塩蔵わかめ,11,93.3,1.7,0.4,0.1,
,72,,野菜類,くきわかめ,15,84.9,1.1,0.3,0.4,
,72,,野菜類,めかぶわかめ,11,94.2,0.9,0.6,0,
,73,,魚類,あいなめ,113,76,19.1,3.4,0.1,
,74,,魚類,あこうだい,93,79.8,16.8,2.3,0.1,
,74,2,魚類,まあじ,126,75.1,19.7,4.5,0.1,
,74,2,魚類,まるあじ,147,71.2,22.1,5.6,0.2,
,74,2,魚類,にしまあじ,169,69.9,19.6,9.1,0.1,
,74,2,魚類,むろあじ,166,67.7,23.6,6.9,0.4,
,74,,魚類,くさや,240,38.6,49.9,3,0.3,
,74,,魚類,あなご,161,72.2,17.3,9.3,0,
,74,,魚類,あまご,112,76.8,18.3,3.6,0.1,
,74,,魚類,あまだい,113,76.5,18.8,3.6,0,
,74,,魚類,あゆ,100,77.7,18.3,2.4,0.1,
,74,,魚類,アラスカめぬけ,105,78.4,17.2,3.4,0.1,
,74,,魚類,あんこう,58,85.4,13,0.2,0.3,
,74,,魚類,いかなご,125,74.2,17.2,5.5,0.1,
,74,,魚類,いさき,127,75.8,17.2,5.7,0.1,
,74,,魚類,いしだい,156,71.6,19.5,7.8,0,
,74,,魚類,いとよりだい,93,78.8,18.1,1.7,0.1,
,74,,魚類,いぼだい,149,74,16.4,8.5,0,
,75,3,魚類,うるめいわし,136,71.7,21.3,4.8,0.3,
,75,3,魚類,かたくちいわし,192,68.2,18.2,12.1,0.3,
,75,3,魚類,まいわし,169,68.9,19.2,9.2,0.2,
,75,,魚類,めざし,257,59,18.2,18.9,0.5,
,75,75,魚類,しらす,76,81.8,15,1.3,0.1,
,75,3,魚類,たたみいわし,372,10.7,75.1,5.6,0.7,
,75,,魚類,いわな,114,76.1,19,3.6,0.1,
,75,,魚類,うぐい,100,77,20.1,1.5,0.2,
,75,165,魚類,うなぎ,255,62.1,17.1,19.3,0.3,
,75,,魚類,うまづらはぎ,80,80.2,18.2,0.3,0,
,75,,魚類,えい,84,79.3,19.1,0.3,0.1,
,75,,魚類,えそ,93,77.6,20.1,0.8,0.1,
,75,,魚類,おいかわ,136,73.8,19.2,5.8,0.1,
,75,,魚類,おおさが,144,74.7,16.3,8,0.1,
,75,,魚類,おこぜ,85,78.8,19.6,0.2,0.2,
,75,,魚類,おひょう,100,77,19.9,1.7,0.1,
,75,,魚類,かさご,85,79.1,19.3,0.3,0.1,
,76,,魚類,かじか,111,76.4,15,5,0.2,
,76,,魚類,くろかじき,99,75.6,22.9,0.2,0.1,
,76,,魚類,まかじき,115,73.8,23.1,1.8,0.1,
,76,,魚類,めかじき,153,72.2,19.2,7.6,0.1,
,76,4,魚類,かつお,114,72.2,25.8,0.5,0.1,
,76,4,魚類,そうだがつお,136,69.9,25.7,2.8,0.3,
,76,,魚類,なまり節,173,58.8,38,1.1,0.5,
,76,83,魚類,かつお節,356,15.2,77.1,2.9,0.8,
,76,,魚類,かます,148,72.7,18.9,7.2,0.1,
,76,,魚類,まがれい,95,77.8,19.6,1.3,0.1,
,76,,魚類,まこがれい,93,79,18,1.8,0.1,
,76,,魚類,子持ちがれい,143,72.7,19.9,6.2,0.1,
,76,,魚類,干しかれい,117,74.6,20.2,3.4,0,
,77,,魚類,かわはぎ,80,79.9,18.8,0.1,0,
,77,,魚類,かんぱち,129,73.3,21,4.2,0.1,
,77,,魚類,きす,80,80.8,18.5,0.2,0,
,77,,魚類,きちじ,262,63.9,13.6,21.7,0,
,77,,魚類,きびなご,93,78.2,18.8,1.4,0.1,
,77,,魚類,キャビア,263,51,26.2,17.1,1.1,
,77,,魚類,キングクリップ,78,80.5,18.2,0.1,0,
,77,,魚類,ぎんだら,232,67.4,13.6,18.6,0,
,77,,魚類,きんめだい,160,72.1,17.8,9,0.1,
,77,,魚類,ぐち,83,80.1,18,0.8,0,
,77,,魚類,こい,171,71,17.7,10.2,0.2,
,77,,魚類,まごち,100,75.4,22.5,0.5,0.2,
,77,,魚類,めごち,75,81.1,17.5,0.1,0.1,
,77,,魚類,このしろ,160,70.6,19,8.3,0.4,
,78,,魚類,からふとます,154,70.1,21.7,6.6,0.1,
,78,,魚類,ぎんざけ,204,66,19.6,12.8,0.3,
,78,,魚類,さくらます,161,69.8,20.9,7.7,0.1,
,78,5,魚類,しろさけ,133,72.3,22.3,4.1,0.1,
,78,79,魚類,イクラ　いくら,272,48.4,32.6,15.6,0.2,
,78,,魚類,筋子　すじこ,282,45.7,30.5,17.4,0.9,
,78,,魚類,めふん,77,65.4,16.9,0.9,0.4,
,78,5,魚類,たいせいようさけ,237,62.1,20.1,16.1,0.1,
,78,,魚類,にじます,224,63,21.4,14.2,0.1,
,78,,魚類,べにざけ,138,71.4,22.5,4.5,0.1,
,79,,魚類,ますのすけ,200,66.5,19.5,12.5,0,
,79,6,魚類,まさば,247,62.1,20.6,16.8,0.3,
,79,6,魚類,ごまさば,146,70.7,23,5.1,0.3,
,79,6,魚類,たいせいようさば,326,54.5,17.2,26.8,0.4,
,79,,魚類,あぶらつのざめ,159,72.4,16.8,9.4,0,
,79,,魚類,よしきりざめ,85,79.2,18.9,0.6,0,
,80,,魚類,フカヒレ　ふかひれ,342,13,83.9,1.6,0,
,80,,魚類,さより,95,77.9,19.6,1.3,0,
,80,,魚類,さわら,177,68.6,20.1,9.7,0.1,
,80,7,魚類,さんま,297,57.7,17.6,23.6,0.1,
,80,,魚類,しいら,108,75.5,21.3,1.9,0,
,80,78,魚類,ししゃも,166,67.6,21,8.1,0.2,
,80,78,魚類,からふとししゃも,177,69.3,15.6,11.6,0.5,
,80,,魚類,したびらめ,96,78,19.2,1.6,0,
,80,2,魚類,しまあじ,168,68.9,21.9,8,0.1,
,80,,魚類,しらうお,77,82.6,13.6,2,0.1,
,80,,魚類,シルバー,153,72.4,18.6,7.9,0,
,80,,魚類,すずき,123,74.8,19.8,4.2,0,
,81,,魚類,きだい,108,76.9,18.6,3.1,0.2,
,81,,魚類,くろだい,150,71.4,20.4,6.7,0.3,
,81,,魚類,ちだい,105,76.8,19.4,2.4,0.1,
,81,,魚類,まだい,142,72.2,20.6,5.8,0.1,
,81,,魚類,たかさご,100,76.7,20.2,1.5,0.1,
,81,,魚類,たかべ,164,71,18.7,9,0,
,81,,魚類,たちうお,266,61.6,16.5,20.9,0,
,82,,魚類,すけとうだら,76,81.6,17.4,0.3,0,
,82,74,魚類,たらこ,140,65.2,24,4.7,0.4,
,82,74,魚類,からしめんたいこ,126,66.6,21,3.3,3,
,82,,魚類,まだら,77,80.9,17.6,0.2,0.1,
,82,,魚類,しらこ,62,83.8,13.4,0.8,0.2,
,83,,魚類,ちか,88,78.3,19.5,0.6,0,
,83,,魚類,どじょう,79,79.1,16.1,1.2,0,
,83,,魚類,とびうお,96,76.9,21,0.7,0.1,
,83,,魚類,ナイルティラピア,134,73.5,19.8,5.3,0.2,
,83,,魚類,なまず,159,72,18.4,8.6,0,
,83,,魚類,にぎす,91,78.5,18.7,1.2,0.1,
,83,,魚類,にしん,216,66.1,17.4,15.1,0.1,
,83,,魚類,かずのこ,162,66.1,25.2,6.7,0.2,
,84,,魚類,はぜ,83,79.4,19.1,0.2,0.1,
,84,,魚類,はたはた,113,78.8,14.1,5.7,0,
,84,,魚類,はまふえふき,90,77.7,20.5,0.3,0.1,
,84,,魚類,はも,144,71,22.3,5.3,0,
,84,,魚類,ひらまさ,142,71.1,22.6,4.9,0.1,
,84,,魚類,ひらめ,103,76.8,20,2,0,
,84,,魚類,とらふぐ,85,78.9,19.3,0.3,0.2,
,84,,魚類,まふぐ,84,79.3,18.9,0.4,0,
,84,,魚類,ふな,101,78,18.2,2.5,0.1,
,84,9,魚類,ぶり,257,59.6,21.4,17.6,0.3,
,84,,魚類,はまち,251,61.5,20.7,17.2,0.3,
,84,,魚類,ほうぼう,122,74.9,19.6,4.2,0,
,84,,魚類,ホキ,84,80.4,17,1.3,0,
,84,,魚類,ほっけ,115,77.1,17.3,4.4,0.1,
,84,,魚類,ぼら,128,74.7,19.2,5,0.1,
,84,,魚類,ほんもろこ,113,75.1,17.5,4.1,0.1,
,85,,魚類,きはだ,106,74,24.3,0.4,0,
,85,1,魚類,くろまぐろ,125,70.4,26.4,1.4,0.1,
,85,,魚類,びんなが,117,71.8,26,0.7,0.2,
,85,1,魚類,みなみまぐろ,93,77,21.6,0.1,0.1,
,85,1,魚類,めじまぐろ,152,68.7,25.2,4.8,0.1,
,85,,魚類,めばち,108,74.4,22.8,1.2,0.2,
,86,,魚類,マジェランあいなめ,272,62.8,13.3,22.9,0.1,
,86,,魚類,まながつお,175,70.8,17.1,10.9,0,
,86,,魚類,みなみくろたち,120,73.8,21.7,3,0.1,
,86,,魚類,みなみだら,72,81.9,16.4,0.3,0,
,86,,魚類,むつ,189,69.7,16.7,12.6,0,
,86,,魚類,めじな,125,74.7,19.4,4.5,0.1,
,86,,魚類,めばる,109,77.2,18.1,3.5,0,
,86,,魚類,メルルーサ,77,81.1,17,0.6,0,
,86,,魚類,やつめうなぎ,273,61.5,15.8,21.8,0.2,
,86,,魚類,やまめ,119,75.6,18.4,4.3,0.3,
,86,,魚類,わかさぎ,77,81.8,14.4,1.7,0.1,
,87,,魚類,あかがい,74,80.4,13.5,0.3,3.5,
,87,,魚類,あげまき,48,87.1,8.1,0.6,2,
,87,13,魚類,あさり,30,90.3,6,0.3,0.4,
,87,,魚類,あわび,73,81.5,12.7,0.3,4,
,87,,魚類,いがい,70,82.9,10.3,1.4,3.2,
,87,,魚類,いたやがい,59,84.9,10.8,0.8,1.5,
,87,,魚類,エスカルゴ,82,79.9,16.5,1,0.8,
,87,14,魚類,かき,60,85,6.6,1.4,4.7,
,87,,魚類,さざえ,89,78,19.4,0.4,0.8,
,87,,魚類,さるぼう,135,66.1,15.9,2.2,12.9,
,87,,魚類,しじみ,64,86,7.5,1.4,4.5,
,87,,魚類,たいらがい,100,75.2,21.8,0.2,1.5,
,87,,魚類,たにし,80,78.8,13,1.1,3.6,
,87,,魚類,つぶ,86,78.2,17.8,0.2,2.3,
,87,,魚類,とこぶし,84,78.9,16,0.4,3,
,87,,魚類,とりがい,86,78.6,12.9,0.3,6.9,
,87,,魚類,ばい,87,78.5,16.3,0.6,3.1,
,87,,魚類,ばかがい,61,84.6,10.9,0.5,2.4,
,87,,魚類,はまぐり,39,88.8,6.1,0.6,1.8,
,87,,魚類,ちょうせんはまぐり,42,88.1,6.5,0.4,2.7,
,87,15,魚類,ほたてがい,72,82.3,13.5,0.9,1.5,
,87,,魚類,ほっきがい,73,82.1,11.1,1.1,3.8,
,87,,魚類,みるがい,82,78.9,18.3,0.4,0.3,
,88,12,魚類,あまえび,87,78.2,19.8,0.3,0.1,
,88,12,魚類,いせえび,92,76.6,20.9,0.4,0,
,88,12,魚類,くるまえび,97,76.1,21.6,0.6,0,
,88,12,魚類,さくらえび,91,75.6,18.2,1.5,0,
,88,12,魚類,大正えび,95,76.3,21.7,0.3,0.1,
,88,12,魚類,しばえび,83,79.3,18.7,0.4,0.1,
,88,12,魚類,バナメイエビ,91,78.6,19.6,0.6,0.7,
,88,12,魚類,ブラックタイガー,82,79.9,18.4,0.3,0.3,
,88,12,魚類,干しエビ,233,24.2,48.6,2.8,0.3,
,89,,魚類,がざみ,65,83.1,14.4,0.3,0.3,
,89,,魚類,毛がに,72,81.9,15.8,0.5,0.2,
,89,,魚類,ずわいがに,63,84,13.9,0.4,0.1,
,89,,魚類,たらばがに,59,84.7,13,0.3,0.2,
,90,10,魚類,あかいか,89,79.3,17.9,1.4,0,
,90,10,魚類,けんさきいか,84,80,17.5,1,0.1,
,90,10,魚類,こういか,66,83.4,14.9,0.3,0.1,
,90,10,魚類,するめいか,83,80.2,17.9,0.8,0.1,
,90,10,魚類,ほたるいか,84,83,11.8,3.5,0.2,
,90,10,魚類,やりいか,85,79.7,17.6,1,0.4,
,90,10,魚類,するめ,334,20.2,69.2,4.3,0.4,
,90,10,魚類,さきいか,279,26.4,45.5,3.1,17.3,
,90,,魚類,いいだこ,70,83.2,14.6,0.8,0.1,
,90,,魚類,まだこ,76,81.1,16.4,0.7,0.1,
,91,,魚類,生うに,120,73.8,16,4.8,3.3,
,91,,魚類,粒うに,183,51.8,17.2,5.8,15.6,
,91,,魚類,練うに,170,53.1,13.5,2.9,22.4,
,91,,魚類,おきあみ,94,78.5,15,3.2,0.2,
,91,,魚類,くらげ,22,94.2,5.2,0.1,0,
,91,,魚類,しゃこ,98,77.2,19.2,1.7,0.2,
,91,,魚類,なまこ,23,92.2,4.6,0.3,0.5,
,91,,魚類,ほや,30,88.8,5,0.8,0.8,
,92,82,魚類,かに風味かまぼこ,90,75.6,12.1,0.5,9.2,
,92,82,魚類,昆布巻きかまぼこ,84,76.4,8.9,0.5,11,
,92,82,魚類,す巻きかまぼこ,90,75.8,12,0.8,8.7,
,92,82,魚類,蒸しかまぼこ,95,74.4,12,0.9,9.7,
,92,82,魚類,焼き抜きかまぼこ,103,72.8,16.2,1,7.4,
,92,,魚類,焼き竹輪,121,69.9,12.2,2,13.5,
,92,,魚類,だて巻,196,58.8,14.6,7.5,17.6,
,92,,魚類,つみれ,113,75.4,12,4.3,6.5,
,92,,魚類,なると,80,77.8,7.6,0.4,11.6,
,92,,魚類,はんぺん,94,75.7,9.9,1,11.4,
,92,,魚類,さつま揚げ,139,67.5,12.5,3.7,13.9,
,92,,魚類,魚肉ハム,158,66,13.4,6.7,11.1,
,92,94,魚類,魚肉ソーセージ,161,66.1,11.5,7.2,12.6,
,93,,肉類,いのしし,268,60.1,18.8,19.8,0.5,
,93,,肉類,いのぶた,304,56.7,18.1,24.1,0.3,
,93,,肉類,うさぎ,146,72.2,20.5,6.3,0,
,94,88,肉類,和牛肉　かた,286,58.8,17.7,22.3,0.3,
,94,88,肉類,和牛肉　肩ロース,411,47.9,13.8,37.4,0.2,
,94,88,肉類,和牛肉　リブロース,573,34.5,9.7,56.5,0.1,
,94,88,肉類,和牛肉　サーロイン,498,40,11.7,47.5,0.3,
,94,88,肉類,和牛肉　ばら,517,38.4,11,50,0.1,
,94,88,肉類,和牛肉　もも,259,61.2,19.2,18.7,0.5,
,94,88,肉類,和牛肉　そともも,265,60.8,17.8,20,0.5,
,94,88,肉類,和牛肉　ランプ,347,53.8,15.1,29.9,0.4,
,94,88,肉類,和牛肉　ヒレ,223,64.6,19.1,15,0.3,
,95,88,肉類,国産牛肉　かた,257,62.3,16.8,19.6,0.4,
,95,88,肉類,国産牛肉　肩ロース,318,56.4,16.2,26.4,0.2,
,95,88,肉類,国産牛肉　リブロース,539,36.2,12,51.8,0.3,
,95,88,肉類,国産牛肉　ばら,470,41.4,12.2,44.4,0.3,
,95,88,肉類,国産牛肉　もも,343,53.9,16.4,28.9,0.4,
,95,88,肉類,国産牛肉　ヒレ,251,62.3,19,18,0.4,
,96,89,肉類,外国産牛肉　かた,180,69.4,19,10.6,0.1,
,96,89,肉類,外国産牛肉　肩ロース,240,63.8,17.9,17.4,0.1,
,96,89,肉類,外国産牛肉　リブロース,231,63.8,20.1,15.4,0.4,
,96,89,肉類,外国産牛肉　サーロイン,298,57.7,17.4,23.7,0.4,
,96,89,肉類,外国産牛肉　ばら,371,51.8,14.4,32.9,0.2,
,96,89,肉類,外国産牛肉　もも,165,71.4,19.6,8.6,0.4,
,96,89,肉類,外国産牛肉　そともも,215,65.8,18.7,14.3,0.3,
,96,89,肉類,外国産牛肉　ランプ,234,63.8,18.4,16.4,0.4,
,96,89,肉類,外国産牛肉　ヒレ,133,73.3,20.5,4.8,0.3,
,97,,肉類,牛ミンチ　牛ひき肉,272,61.4,17.1,21.1,0.3,
,97,,肉類,牛タン,356,54,13.3,31.8,0.2,
,97,,肉類,牛ハツ,142,74.8,16.5,7.6,0.1,
,97,,肉類,牛レバー,132,71.5,19.6,3.7,3.7,
,97,,肉類,牛マメ,131,75.7,16.7,6.4,0.2,
,97,,肉類,牛ミノ,182,66.6,24.5,8.4,0,
,97,,肉類,牛ハチノス,200,71.6,12.4,15.7,0,
,97,,肉類,牛センマイ,62,86.6,11.7,1.3,0,
,97,,肉類,牛ギアラ,329,58.5,11.1,30,0,
,97,,肉類,牛マルチョウ,287,63.3,9.9,26.1,0,
,97,,肉類,牛シマチョウ,162,77.2,9.3,13,0,
,97,,肉類,牛テッポウ,115,80.7,11.6,7,0,
,97,,肉類,牛コブクロ,106,78.2,18.4,3,0,
,97,,肉類,牛テール,492,40.7,11.6,47.1,0,
,97,,肉類,牛ハラミ,301,58.9,14.9,25.2,0.3,
,97,,肉類,ローストビーフ,196,64,21.7,11.7,0.9,
,97,,肉類,ビーフジャーキー,315,24.4,54.8,7.8,6.4,
,97,,肉類,スモークタン,283,55.9,18.1,23,0.9,
,98,,肉類,馬肉,110,76.1,20.1,2.5,0.3,
,98,,肉類,くじら,106,74.3,24.1,0.4,0.2,
,98,,肉類,さらしくじら,31,93.7,5.3,0.9,0,
,98,,肉類,アカシカ,110,74.6,22.3,1.5,0.5,
,98,,肉類,ニホンジカ,147,71.4,22.6,5.2,0.6,
,99,,肉類,豚肉　かた,216,65.7,18.5,14.6,0.2,
,99,,肉類,豚肉　肩ロース,253,62.6,17.1,19.2,0.1,
,99,,肉類,豚肉　ロース,263,60.4,19.3,19.2,0.2,
,99,90,肉類,豚肉　ばら,395,49.4,14.4,35.4,0.1,
,99,91,肉類,豚肉　もも,183,68.1,20.5,10.2,0.2,
,99,,肉類,豚肉　そともも,235,63.5,18.8,16.5,0.2,
,99,,肉類,豚肉　ヒレ,130,73.4,22.2,3.7,0.3,
,100,,肉類,黒豚　かた,239,63.6,18.3,17.2,0,
,100,,肉類,黒豚　肩ロース,256,62,17.7,19.3,0,
,100,,肉類,黒豚　ロース,291,58,18.3,22.6,0.2,
,100,,肉類,黒豚　ばら,434,45.8,13.4,40.1,0,
,100,,肉類,黒豚　もも,225,64.2,19.5,15.1,0.2,
,100,,肉類,黒豚　そともも,268,60.6,18,20.3,0.2,
,100,,肉類,黒豚　ヒレ,112,74.2,22.7,1.7,0.1,
,101,,肉類,豚ミンチ　豚ひき肉,236,64.8,17.7,17.2,0.1,
,101,,肉類,豚タン,221,66.7,15.9,16.3,0.1,
,101,,肉類,豚ハツ,135,75.7,16.2,7,0.1,
,101,,肉類,豚レバー,128,72,20.4,3.4,2.5,
,101,,肉類,豚マメ,114,79,14.1,5.8,0,
,101,,肉類,豚ガツ,121,76.8,17.4,5.1,0,
,101,,肉類,豚ミノ,171,73.7,14,11.9,0,
,101,,肉類,豚ホルモン,179,74.1,11.7,13.8,0,
,101,,肉類,豚コブクロ,70,83.8,14.6,0.9,0,
,101,,肉類,豚足　とんそく,230,62.7,20.1,16.8,0,
,101,,肉類,豚軟骨,231,63.5,17.8,17.9,0,
,102,93,肉類,骨付きハム,219,62.9,16.7,16.6,0.8,
,102,93,肉類,ボンレスハム,118,72,18.7,4,1.8,
,102,93,肉類,ロースハム,196,65,16.5,13.9,1.3,
,102,93,肉類,ショルダーハム,231,62.7,16.1,18.2,0.6,
,102,93,肉類,生ハム,247,55,24,16.6,0.5,
,102,93,肉類,プレスハム,118,73.3,15.4,4.5,3.9,
,102,93,肉類,チョップドハム,135,68,11.7,4.2,12.7,
,103,95,肉類,ベーコン,405,45,12.9,39.1,0.3,
,103,95,肉類,ロースベーコン,211,62.5,16.8,14.6,3.2,
,103,95,肉類,ショルダーベーコン,186,65.4,17.2,11.9,2.5,
,103,94,肉類,ウインナーソーセージ,321,53,13.2,28.5,3,
,103,94,肉類,セミドライソーセージ,339,49,15.4,29.7,2.6,
,103,94,肉類,ドライソーセージ,497,24.8,25.4,43,2.1,
,103,94,肉類,フランクフルトソーセージ,298,54,12.7,24.7,6.2,
,103,94,肉類,ボロニアソーセージ,251,60.9,12.5,21,2.9,
,103,94,肉類,リオナソーセージ,192,65.2,14.9,13.1,3.7,
,103,94,肉類,レバーソーセージ,368,47.7,14.7,33.5,1.9,
,103,94,肉類,混合ソーセージ,270,58.2,11.8,22.7,4.7,
,103,94,肉類,生ソーセージ,279,58.6,14,24.4,0.8,
,104,170,肉類,焼豚　焼き豚,172,64.3,19.4,8.2,5.1,
,104,,肉類,レバーペースト,378,45.8,12.9,34.7,3.6,
,104,,肉類,スモークレバー,198,57.6,29.6,7.7,2.6,
,104,,,ゼラチン,344,11.3,87.6,0.3,0,
,105,,肉類,マトン肉　ロース,225,68.2,19.8,15,0.2,
,105,,肉類,マトン肉　もも,224,65,18.8,15.3,0.1,
,105,,肉類,ラム肉　かた,233,64.8,17.1,17.1,0.1,
,105,,肉類,ラム肉　ロース,310,56.5,15.6,25.9,0.2,
,105,,肉類,ラム肉　もも,198,69.7,20,12,0.3,
,105,93,肉類,混合プレスハム,107,75.8,14.4,4.1,3,
,106,,肉類,やぎ,107,75.4,21.9,1.5,0.2,
,106,,肉類,うずら,208,65.4,20.5,12.9,0.1,
,106,,肉類,フォアグラ,510,39.7,8.3,49.9,1.5,
,106,,肉類,まがも,128,72.1,23.6,3,0.1,
,106,,肉類,あいがも,333,56,14.2,29,0.1,
,106,,肉類,あひる,250,62.7,14.9,19.8,0.1,
,106,,肉類,きじ,108,75,23,1.1,0.1,
,106,,肉類,七面鳥　しちめんちょう,106,74.6,23.5,0.7,0.1,
,106,,肉類,すずめ,132,72.2,18.1,5.9,0.1,
,107,92,肉類,成鶏肉　手羽,195,66,23,10.4,0,
,107,92,肉類,成鶏肉　むね,244,62.6,19.5,17.2,0,
,107,92,肉類,成鶏肉　もも,253,62.9,17.3,19.1,0,
,107,92,肉類,成鶏肉　ささみ,114,73.2,24.6,1.1,0,
,108,92,肉類,若鶏肉　手羽,210,68.1,17.8,14.3,0,
,108,92,肉類,若鶏肉　手羽先,226,67.1,17.4,16.2,0,
,108,92,肉類,若鶏肉　手羽元,197,68.9,18.2,12.8,0,
,108,92,肉類,若鶏肉　むね,145,72.6,21.3,5.9,0.1,
,108,92,肉類,若鶏肉　もも,204,68.5,16.6,14.2,0,
,108,173,肉類,若鶏肉　唐揚げ　からあげ,313,41.2,24.2,18.1,12.5,
,108,92,肉類,若鶏肉　ささみ,105,75,23,0.8,0,
,109,,肉類,鶏ミンチ　鶏のひき肉,186,70.2,17.5,12,0,
,109,,肉類,鶏ハツ,207,69,14.5,15.5,0,
,109,,肉類,鶏レバー,111,75.7,18.9,3.1,0.6,
,109,,肉類,すなぶくろ　すなずり,94,79,18.3,1.8,0,
,109,,肉類,鶏の軟骨,54,85,12.5,0.4,0.4,
,109,,肉類,チキンナゲット,245,53.7,15.5,13.7,13.7,
,109,,肉類,つくね,235,57.9,15.2,15.2,7.4,
,109,,肉類,はと,141,71.5,21.8,5.1,0.3,
,109,,肉類,ほろほろちょう,105,75.2,22.5,1,0.2,
,110,,肉類,いなご,247,33.7,26.3,1.4,32.3,
,110,,肉類,カエル　かえる,99,76.3,22.3,0.4,0.3,
,110,,肉類,すっぽん,197,69.1,16.4,13.4,0.5,
,110,,肉類,はち,250,44.3,16.2,7.2,30.2,
,110,,肉類,あひる卵　ピータン,214,66.7,13.7,16.5,0,
,110,,肉類,うこっけい卵,176,73.7,12,13,0.4,
,110,,肉類,うずら卵,179,72.9,12.6,13.1,0.3,
,111,103,肉類,鶏卵　とりたまご,151,76.1,12.3,10.3,0.3,
,111,,肉類,ポーチドエッグ,164,74.9,12.3,11.7,0.2,
,111,,肉類,卵黄,387,48.2,16.5,33.5,0.1,
,111,,肉類,卵白,47,88.4,10.5,0,0.4,
,111,,肉類,たまご豆腐,79,85.2,6.4,5,2,
,111,,肉類,たまご焼　だし巻きたまご　,128,77.5,11.2,9,0.5,
,112,97,乳製品,ジャージー牛乳,80,85.9,3.6,5.1,4.7,
,112,97,乳製品,牛乳,67,87.4,3.3,3.8,4.8,
,112,,乳製品,コーヒー牛乳,56,88.1,2.2,2,7.2,
,112,,乳製品,フルーツ牛乳,46,88.3,1.2,0.2,9.9,
,112,,乳製品,無糖練乳,144,72.5,6.8,7.9,11.2,
,112,,乳製品,加糖練乳,332,26.1,7.7,8.5,56,
,113,,乳製品,生クリーム,433,49.5,2,45,3.1,
,113,,乳製品,ホイップクリーム,425,44.3,1.8,40.7,12.9,
,113,,乳製品,コーヒーホワイトナー,211,70.3,5.2,18.3,5.5,
,113,102,乳製品,ヨーグルト,62,87.7,3.6,3,4.9,
,113,,乳製品,乳酸菌飲料,71,82.1,1.1,0.1,16.4,
,114,101,乳製品,エダムチーズ,356,41,28.9,25,1.4,
,114,101,乳製品,エメンタールチーズ,429,33.5,27.3,33.6,1.6,
,114,101,乳製品,カテージチーズ,105,79,13.3,4.5,1.9,
,114,101,乳製品,カマンベールチーズ,310,51.8,19.1,24.7,0.9,
,114,101,乳製品,クリームチーズ,346,55.5,8.2,33,2.3,
,114,101,乳製品,ゴーダチーズ,380,40,25.8,29,1.4,
,114,101,乳製品,チェダーチーズ,423,35.3,25.7,33.8,1.4,
,114,101,乳製品,パルメザンチーズ,475,15.4,44,30.8,1.9,
,114,101,乳製品,ブルーチーズ,349,45.6,18.8,29,1,
,114,101,乳製品,マスカルポーネチーズ,293,62.4,4.4,28.2,4.3,
,114,101,乳製品,モッツァレラチーズ,276,56.3,18.4,19.9,4.2,
,114,101,乳製品,シェーブルチーズ,296,52.9,20.6,21.7,2.7,
,114,101,乳製品,リコッタチーズ,162,72.9,7.1,11.5,6.7,
,114,101,乳製品,プロセスチーズ,339,45,22.7,26,1.3,
,114,,乳製品,チーズスプレッド,305,53.8,15.9,25.7,0.6,
,115,155,乳製品,アイスクリーム,212,61.3,3.5,12,22.4,
,115,,乳製品,アイスミルク,167,65.6,3.4,6.4,23.9,
,115,,乳製品,ラクトアイス,224,60.4,3.1,13.6,22.2,
,115,,乳製品,ソフトクリーム,146,69.6,3.8,5.6,20.1,
,116,,乳製品,カゼイン,378,10.6,86.2,1.5,0,
,116,,乳製品,シャーベット,127,69.1,0.9,1,28.7,
,116,,乳製品,チーズホエーパウダー,362,2.2,12.5,1.2,77,
,116,,乳製品,ヤギ乳,63,88,3.1,3.6,4.5,
,117,,,あまに油,921,0,0,100,0,
,117,,,えごま油,921,0,0,100,0,
,117,,,オリーブ油,921,0,0,100,0,
,117,,,ごま油,921,0,0,100,0,
,117,,,米ぬか油,921,0,0,100,0,
,117,,,サフラワー油,921,0,0,100,0,
,117,,,大豆油,921,0,0,100,0,
,117,,,調合油,921,0,0,100,0,
,117,,,とうもろこし油,921,0,0,100,0,
,117,,,なたね油,921,0,0,100,0,
,117,,,パーム油,921,0,0,100,0,
,117,,,ひまわり油,921,0,0,100,0,
,117,,,ぶどう油,921,0,0,100,0,
,117,,,綿実油,921,0,0,100,0,
,117,,,やし油,921,0,0,100,0,
,117,,,落花生油,921,0,0,100,0,
,118,,,牛脂,940,0,0.2,99.8,0,
,118,,,ラード,941,0,0,100,0,
,118,,99,有塩バター,745,16.2,0.6,81,0.2,
,118,,99,食塩不使用バター,763,15.8,0.5,83,0.2,
,118,,99,発酵バター,752,13.6,0.6,80,4.4,
,118,122,,ソフトタイプマーガリン,769,14.7,0.4,83.1,0.4,
,118,,,ファットスプレッド,637,30.2,0.2,69.1,0,
,118,,,ショートニング,920,0.1,0,99.9,0,
,119,198,酒類,醸造酒　清酒　普通酒,109,82.4,0.4,0,4.9,
,119,198,酒類,醸造酒　清酒　純米酒,103,83.7,0.4,0,3.6,
,119,198,酒類,醸造酒　清酒　本醸造酒,107,82.8,0.4,0,4.5,
,119,198,酒類,醸造酒　清酒　吟醸酒,104,83.6,0.3,0,3.6,
,119,198,酒類,醸造酒　清酒　純米吟醸酒,103,83.5,0.4,0,4.1,
,119,201,酒類,醸造酒　ビール　淡色,40,92.8,0.3,0,3.1,
,119,201,酒類,醸造酒　ビール　黒,46,91.6,0.4,0,3.4,
,119,201,酒類,醸造酒　ビール　スタウト,63,88.4,0.5,0,4.6,
,119,202,酒類,醸造酒　発泡酒,45,92,0.1,0,3.6,
,119,,酒類,醸造酒　ぶどう酒　白,73,88.6,0.1,0,2,
,119,,酒類,醸造酒　ぶどう酒　赤,73,88.7,0.2,0,1.5,
,119,,酒類,醸造酒　ぶどう酒　ロゼ,77,87.4,0.1,0,4,
,119,,酒類,醸造酒　紹興酒,127,78.8,1.7,0,5.1,
,120,199,酒類,蒸留酒　焼酎,206,71,0,0,0,
,120,204,酒類,蒸留酒　ウイスキー,237,66.6,0,0,0,
,120,,酒類,蒸留酒　ブランデー,237,66.6,0,0,0,
,120,,酒類,蒸留酒　ウオッカ,240,66.2,0,0,0,
,120,,酒類,蒸留酒　ジン,284,59.9,0,0,0.1,
,120,,酒類,蒸留酒　ラム酒,240,66.1,0,0,0.1,
,120,,酒類,蒸留酒　マオタイ酒,322,54.7,0,0,0,
,121,,酒類,梅酒,156,68.9,0.1,0,20.7,
,121,,酒類,合成清酒,109,82.2,0.1,0,5.3,
,121,,酒類,白酒,238,44.7,1.9,0,48.1,
,121,,酒類,みりん　本みりん,241,47,0.3,0,43.2,
,121,,酒類,みりん　本直し,181,68.2,0.1,0,14.4,
,121,,酒類,薬味酒,182,62.6,0,0,26.8,
,121,,酒類,キュラソー,322,43.1,0,0,26.4,
,121,,酒類,スイートワイン,133,75.2,0.1,0,13.4,
,121,,酒類,ペパーミント,302,41,0,0,37.6,
,121,,酒類,ベルモット　甘口タイプ,152,71.3,0.1,0,16.4,
,121,,酒類,ベルモット　辛口タイプ,117,81.7,0.1,0,3.7,
,122,,,玉露茶,5,97.8,1.3,0,0,
,122,,,抹茶,324,5,29.6,5.3,1,
,122,,,煎茶,2,99.4,0.2,0,0.2,
,122,,,釜炒り茶,0,99.7,0.1,0,0,
,122,,,番茶,0,99.8,0,0,0.1,
,122,,,ほうじ茶,0,99.8,0,0,0.1,
,122,,,玄米茶,0,99.9,0,0,0,
,122,,,烏龍茶　ウーロン茶,0,99.8,0,0,0.1,
,122,185,,紅茶,1,99.7,0.1,0,0.1,
,122,189,,コーヒー,4,98.6,0.2,0,0.7,
,122,,,ピュアココア,271,4,18.5,21.6,18.5,
,122,,,ミルクココア,412,1.6,7.4,6.8,74.9,
,123,,,青汁,375,2.3,13.8,4.4,42.2,
,123,,酒類,甘酒,81,79.7,1.7,0.1,17.9,
,123,,,昆布茶,98,1.4,5.7,0.4,39.6,
,123,195,,スポーツドリンク,21,94.7,0,0,5.1,
,123,,,果実色飲料,51,87.2,0,0,12.8,
,123,,,コーラ,46,88.5,0.1,0,11.4,
,123,,,サイダー,41,89.8,0,0,10.2,
,123,,,ビール風味炭酸飲料,5,98.6,0.1,0,1.2,
,123,,,麦茶,1,99.7,0,0,0.3,
,124,128,調味料,ウスターソース,117,61.7,1,0.1,26.3,
,124,128,調味料,中濃ソース,132,60.7,0.8,0.1,29.8,
,124,128,調味料,濃厚ソース,132,60.7,0.9,0.1,29.9,
,124,128,調味料,お好み焼きソース,148,57.2,1.6,0.1,33.3,
,124,,調味料,豆板醤　トウバンジャン,60,69.7,2,2.3,3.6,
,124,,調味料,チリペッパーソース,55,84.1,0.7,0.5,5.2,
,124,,調味料,ラー油,919,0.1,0.1,99.8,0,
,125,124,調味料,濃口醤油　こいくちしょうゆ,71,67.1,7.7,0,10.1,
,125,124,調味料,薄口醤油　うすくちしょうゆ,54,69.7,5.7,0,7.8,
,125,124,調味料,たまり醤油　たまりしょうゆ,111,57.3,11.8,0,15.9,
,125,124,調味料,再仕込み醤油　さいしこみしょうゆ,102,60.7,9.6,0,15.9,
,125,124,調味料,白醤油　しろしょうゆ,87,63,2.5,0,19.2,
,125,124,調味料,減塩醤油　げんえんしょうゆ,69,74.4,8.1,0,9,
,125,124,調味料,だし醤油　だししょうゆ,37,83.2,4,0,5.2,
,125,124,調味料,照り醤油　てりしょうゆ,170,55,2.4,0,36.3,
,126,123,調味料,食塩　しお,0,0.1,0,0,0,
,126,,調味料,並塩,0,1.8,0,0,0,
,126,,調味料,精製塩,0,0,0,0,0,
,127,127,調味料,黒酢,54,85.7,1,0,9,
,127,127,調味料,穀物酢,25,93.3,0.1,0,2.4,
,127,127,調味料,米酢,46,87.9,0.2,0,7.4,
,127,127,調味料,果実酢　バルサミコ酢,99,74.2,0.5,0,19.4,
,127,127,調味料,果実酢　ぶどう酢,22,93.7,0.1,0,1.2,
,127,127,調味料,果実酢　りんご酢,26,92.6,0.1,0,2.4,
,128,4,調味料,かつおだし,3,99.3,0.5,0.1,0,
,128,,調味料,昆布だし,4,98.5,0.1,0,0.9,
,128,,調味料,椎茸出汁　しいたけだし,4,98.8,0.1,0,0.9,
,128,77,調味料,煮干出汁　にぼしだし,1,99.7,0.1,0.1,0,
,128,,調味料,鶏がら出汁　とりがらだし,7,98.4,1.1,0.2,0,
,128,,調味料,中華だし　ちゅうかだし,3,99,0.8,0,0,
,128,,調味料,洋風だし　ようふうだし,6,97.8,1.3,0,0.3,
,128,,調味料,固形ブイヨン,235,0.8,7,4.3,41.8,
,128,,調味料,顆粒おでん用,168,0.9,9.6,0.1,32.2,
,128,,調味料,顆粒中華だし,211,1.2,12.6,1.6,36.6,
,128,,調味料,顆粒和風だし,224,1.6,24.2,0.3,31.1,
,128,137,調味料,めんつゆ,44,85.4,2.2,0,8.7,
,129,,調味料,甘酢,125,67.2,0.1,0,28.4,
,129,,調味料,エビチリの素,55,85.8,1.2,1.4,9.5,
,129,128,調味料,オイスターソース,107,61.6,7.7,0.3,18.1,
,129,,調味料,黄身酢,230,52.1,6.5,13,20.3,
,129,,調味料,ごま酢,217,53.2,4,8,30.2,
,129,,調味料,ごまだれ,285,40.7,7.4,14.1,30.1,
,129,,調味料,三杯酢,86,76,0.9,0,18.1,
,129,,調味料,二杯酢,57,78.7,3.5,0,8.6,
,129,,調味料,すし酢,150,55.6,0.1,0,34.9,
,129,,調味料,中華風合わせ酢,151,60.6,3,3.4,25.6,
,129,128,調味料,デミグラスソース,82,81.5,2.9,3,11,
,129,,調味料,甜麺醤　テンメンジャン,256,37.5,8.5,7.7,35,
,129,,調味料,ナンプラー,48,65.5,9.1,0.1,2.7,
,129,,調味料,冷やし中華のたれ,57,83.3,2.6,1.5,7.5,
,129,,調味料,ホワイトソース,99,81.7,1.8,6.2,8.8,
,129,,調味料,ポン酢醤油　ぽんずしょうゆ,47,82,3.4,0.1,8,
,129,,調味料,マーボー豆腐の素,115,75,4.2,6.3,10.4,
,129,,調味料,マリネ液,68,83.9,0.1,0,10.9,
,129,,調味料,ミートソース,101,78.8,3.8,5,10.1,
,129,,調味料,焼き鳥のたれ,131,61.2,3.2,0,29.6,
,129,136,調味料,焼き肉のたれ,169,51.6,4.3,2.2,32.7,
,129,,調味料,みたらしのたれ,128,66.1,0.9,0,31,
,129,,調味料,ゆずこしょう,49,64.5,1.3,0.8,3.1,
,130,39,野菜類,トマト,19,94,0.7,0.1,3.7,
,130,,野菜類,ミニトマト,29,91,1.1,0.1,5.8,
,130,,野菜類,ホールトマト,20,93.3,0.9,0.2,3.1,
,130,,,トマトジュース,17,94.1,0.7,0.1,3.3,
,130,,,トマトミックスジュース,17,94.2,0.6,0,3.6,
,130,,,トマトピューレー,41,86.9,1.9,0.1,8.1,
,130,,,トマトペースト,89,71.3,3.8,0.1,17.3,
,130,129,調味料,トマトケチャップ,119,66,1.7,0,25.6,
,130,,調味料,トマトソース,44,87.1,2,0.2,7.4,
,130,,調味料,チリソース,115,67.3,1.8,0.1,24.4,
,131,131,調味料,フレンチドレッシング,406,47.8,0.1,41.9,5.9,
,131,131,調味料,和風ドレッシング,198,69.4,2.2,18.4,5.1,
,131,131,調味料,ごまドレッシング,360,38.1,8.5,26.3,17,
,131,131,調味料,サウザンアイランドドレッシング,416,44.1,1,41.4,8.9,
,131,130,調味料,マヨネーズ　全卵型,703,16.2,1.5,75.3,4.5,
,131,130,調味料,マヨネーズ　卵黄型,670,20.2,2.8,72.3,1.7,
,131,130,調味料,マヨネーズタイプ調味料　低カロリータイプ,282,60.9,2.9,28.3,2.5,
,132,125,調味料,米みそ　甘みそ,217,42.6,9.7,3,32.3,
,132,125,調味料,米みそ　淡色辛みそ,192,45.4,12.5,6,17,
,132,125,調味料,米みそ　赤色辛みそ,186,45.7,13.1,5.5,17,
,132,125,調味料,麦みそ,198,44,9.7,4.3,23.7,
,132,125,調味料,豆みそ,217,44.9,17.2,10.5,8,
,132,125,調味料,減塩みそ,192,48.2,10.8,5.7,20.2,
,132,125,調味料,だし入りみそ,194,42.8,13.2,5.7,17.8,
,132,125,調味料,辛子酢みそ,221,43.6,5,2.1,44.6,
,132,125,調味料,ごまみそ,258,42.7,9.4,9.9,27.4,
,132,125,調味料,酢みそ,216,44.3,4.9,1.5,42,
,132,125,調味料,練りみそ,273,29.9,5.5,1.7,55.8,
,133,,調味料,お茶漬けの素　さけ,264,2.9,20.3,3.7,33.9,
,133,,調味料,酒かす,227,51.1,14.9,1.5,18.6,
,133,,調味料,即席すまし汁,203,2.8,18.1,0.8,27.6,
,133,138,調味料,ふりかけ　たまご,450,2.5,23.4,21.9,34.8,
,133,,調味料,みりん風調味料,226,44,0.1,0,54.9,
,134,133,調味料,カレールウ　カレールー,512,3,6.5,34.1,41,
,134,,調味料,ハヤシルウ　ハヤシルー,512,2.2,5.8,33.2,45,
,134,,調味料,オールスパイス,374,9.2,5.6,5.6,75.2,
,134,,調味料,オニオンパウダー,364,5,8.8,1.1,79.8,
,134,,調味料,辛子　からし,315,31.7,5.9,14.5,40.1,
,134,,調味料,マスタード,174,65.7,4.8,10.6,13.1,
,134,,調味料,カレー粉,415,5.7,13,12.2,26.4,
,134,,調味料,クローブ,417,7.5,7.2,13.6,66.4,
,134,,調味料,胡椒　こしょう,371,12.5,10.6,6.2,68.3,
,134,,調味料,山椒　さんしょう,375,8.3,10.3,6.2,69.6,
,134,,調味料,シナモン,364,9.4,3.6,3.5,79.6,
,134,33,調味料,生姜　しょうが,43,88.2,0.7,0.6,8.6,
,134,,調味料,セージ,384,9.2,6.4,10.1,66.9,
,134,,調味料,タイム,352,9.8,6.5,5.2,69.8,
,134,,調味料,チリパウダー,374,3.8,15,8.2,60.1,
,134,,野菜類,とうがらし,419,1.7,16.2,9.7,66.8,
,134,,野菜類,ナツメグ,559,6.3,5.7,38.5,47.5,
,134,,調味料,ガーリックパウダー,382,3.5,19.9,0.8,73.8,
,134,,野菜類,おろしにんにく,171,52.1,4.7,0.5,37,
,134,,野菜類,バジル,307,10.9,21.1,2.2,50.6,
,134,,野菜類,パセリ,341,5,28.7,2.2,51.6,
,134,,野菜類,パプリカ,389,10,15.5,11.6,55.6,
,134,,野菜類,山葵　わさび,265,39.8,3.3,10.3,39.8,
,135,,,パン酵母　圧搾,103,68.1,16.5,1.5,1.8,
,135,,,パン酵母　乾燥,313,8.7,37.1,6.8,10.5,
,135,,,天ぷら用バッター,137,65.8,3.4,0.5,28.7,
,135,,,ベーキングパウダー,127,4.5,0,1.2,29,
,136,179,,カレー　ビーフ　レトルトパウチ,118,77.9,3.3,7.3,9.8,
,136,178,,ぎょうざ　冷凍,197,59.3,7.1,8.1,23.8,
,136,,,グラタン　えび　冷凍,133,73.9,4.8,6.7,13.3,
,136,,,コーンクリームスープ,86,83.6,2,4.8,8.6,
,136,171,,クリームコロッケ　冷凍,256,55,5.1,16.2,22.5,
,136,171,,コロッケ　冷凍,279,50.5,4.6,17.6,25.6,
,136,,,いかフライ　冷凍,329,41.4,12.1,20.3,24.5,
,136,,,えびフライ　冷凍,292,51.3,9.1,20.3,18.1,
,136,,,白身フライ　冷凍,300,50.7,9.7,21.8,16.2,
,136,,,シチュー　ビーフ　レトルトパウチ,118,78.1,6,7.2,7.4,
,136,,,しゅうまい　冷凍,215,58.4,9.3,11.2,19.3,
,136,175,,ハンバーグ　冷凍,223,59.2,13.3,13.4,12.3,
,136,,,ピラフ　冷凍,161,62.1,3.8,2.8,30.1,
,136,,,ミートボール　冷凍,244,57.6,11.7,16.4,12.5,
,136,,,メンチカツ　冷凍,308,47,9.4,20.3,21.8,